{
  "metrics": {
    "mae": 9.62592833113489,
    "rmse": 11.686501382605103,
    "r2": 0.8277997278534488,
    "within_10_pct": 52.0,
    "n_train": 200,
    "n_test": 50
  },
  "pipeline_meta": {
    "plant": "rice",
    "trained_on": 200,
    "timestamp": "2025-11-08T16:58:27.811967+00:00",
    "params": {}
  }
}